{"cameraMode":{"drawMode":0,"name":"Shaded","section":"Shading Mode"},"sceneLighting":true,"audioPlay":false,"sceneViewState":{"m_AlwaysRefresh":false,"showFog":true,"showSkybox":true,"showFlares":true,"showImageEffects":true,"showParticleSystems":true,"showVisualEffectGraphs":true,"m_FxEnabled":true},"in2DMode":false,"pivot":{"x":26.010000228881837,"y":0.38999998569488528,"z":23.14068031311035},"rotation":{"x":-0.5820833444595337,"y":-0.0028956716414541008,"z":0.002147177467122674,"w":-0.8130925893783569},"size":25.158315658569337,"orthographic":false}